case_id,experiment,model_label,target,probability,absolute_error,latency_s,cost_usd,probability_family
policy-016,policy,Luna,0.0,0.0,0.0,0.8997180419974029,4.64e-05,
policy-016,policy,Jev,0.0,0.06,0.06,0.23809362499741837,2.1252e-05,
probability-044,probability,Jev,0.06666666666666667,0.19,0.12333333333333334,0.21925979098887183,1.7262e-05,without_replacement
probability-044,probability,Luna,0.06666666666666667,0.06666666666666667,0.0,1.0398890420037787,4.09e-05,without_replacement
boolq-dev-1550,boolq,Luna,0.0,0.0,0.0,1.3291317500115838,5.48e-05,
boolq-dev-1550,boolq,Jev,0.0,0.06,0.06,0.34738187497714534,2.4192e-05,
boolq-dev-0579,boolq,Jev,1.0,0.63,0.37,0.24034704201039858,1.7724e-05,
boolq-dev-0579,boolq,Luna,1.0,1.0,0.0,1.3163369170215447,3.98e-05,
boolq-dev-1066,boolq,Jev,1.0,0.86,0.14,0.23135162502876483,1.9614e-05,
boolq-dev-1066,boolq,Luna,1.0,0.99,0.010000000000000009,0.8990407919918653,4.43e-05,
policy-021,policy,Jev,0.0,0.04,0.04,0.22194620899972506,2.1084e-05,
policy-021,policy,Luna,0.0,0.0,0.0,0.9450915409834124,4.61e-05,
boolq-dev-1114,boolq,Jev,1.0,0.99,0.010000000000000009,0.22352170801605098,2.1924e-05,
boolq-dev-1114,boolq,Luna,1.0,1.0,0.0,1.0752395410090685,4.81e-05,
boolq-dev-3114,boolq,Luna,1.0,1.0,0.0,1.4670071250002366,4.21e-05,
boolq-dev-3114,boolq,Jev,1.0,0.99,0.010000000000000009,0.24637766598607413,1.9068e-05,
probability-030,probability,Jev,0.4583333333333333,0.41,0.04833333333333334,0.21927012500236742,1.995e-05,weighted_mixture
probability-030,probability,Luna,0.4583333333333333,0.4166666667,0.041666666633333294,1.0648542499984615,4.54e-05,weighted_mixture
probability-007,probability,Luna,0.7255434782608695,0.8214285714,0.09588509313913052,1.2597768749983516,4.54e-05,weighted_mixture
probability-007,probability,Jev,0.7255434782608695,0.49,0.23554347826086952,0.24390487498021685,1.9992e-05,weighted_mixture
probability-011,probability,Jev,0.5414893617021277,0.59,0.04851063829787228,0.2270914169785101,1.9992e-05,weighted_mixture
probability-011,probability,Luna,0.5414893617021277,0.584,0.04251063829787227,1.412256499985233,4.39e-05,weighted_mixture
probability-025,probability,Luna,1.0,1.0,0.0,1.060862249985803,3.91e-05,conditional_table
probability-025,probability,Jev,1.0,0.99,0.010000000000000009,0.22329904200159945,1.8396e-05,conditional_table
boolq-dev-0767,boolq,Luna,1.0,0.5,0.5,0.9867166659969371,4.85e-05,
boolq-dev-0767,boolq,Jev,1.0,0.62,0.38,0.26086787501117215,2.1672e-05,
probability-057,probability,Luna,0.55,0.55,0.0,0.9881264160212595,4.01e-05,conditional_table
probability-057,probability,Jev,0.55,0.56,0.010000000000000009,0.22516649999306537,1.8354e-05,conditional_table
boolq-dev-1447,boolq,Jev,1.0,0.97,0.030000000000000027,0.22614770798827522,1.8186e-05,
boolq-dev-1447,boolq,Luna,1.0,0.0,1.0,1.2599990830058232,4.07e-05,
boolq-dev-2791,boolq,Luna,0.0,0.0,0.0,0.9077726250106934,4.01e-05,
boolq-dev-2791,boolq,Jev,0.0,0.05,0.05,0.23036637500626966,1.7976e-05,
probability-031,probability,Luna,0.5357142857142857,0.5357142857,1.428568374706174e-11,1.0789300840115175,4.05e-05,without_replacement
probability-031,probability,Jev,0.5357142857142857,0.52,0.01571428571428568,0.34608783401199616,1.7556e-05,without_replacement
probability-033,probability,Jev,0.4421052631578947,0.56,0.11789473684210533,0.2560630000079982,1.7598e-05,without_replacement
probability-033,probability,Luna,0.4421052631578947,0.4421052632,4.210526372006029e-11,1.0053678329859395,4.05e-05,without_replacement
boolq-dev-2493,boolq,Jev,1.0,0.96,0.040000000000000036,0.2682778329763096,1.8354e-05,
boolq-dev-2493,boolq,Luna,1.0,1.0,0.0,1.1796839580056258,4.1e-05,
boolq-dev-1570,boolq,Jev,0.0,0.03,0.03,0.2364539580012206,2.1924e-05,
boolq-dev-1570,boolq,Luna,0.0,0.0,0.0,1.0268083330010995,4.83e-05,
policy-007,policy,Luna,0.0,0.0,0.0,1.1425084169895854,4.62e-05,
policy-007,policy,Jev,0.0,0.23,0.23,0.23067729201284237,2.1126e-05,
boolq-dev-1979,boolq,Jev,1.0,0.99,0.010000000000000009,0.220665500004543,2.0034e-05,
boolq-dev-1979,boolq,Luna,1.0,1.0,0.0,1.3523345839930698,4.5e-05,
probability-018,probability,Jev,0.7317073170731707,0.77,0.0382926829268293,0.22428966700681485,1.7682e-05,without_replacement
probability-018,probability,Luna,0.7317073170731707,0.7585,0.026792682926829237,1.4449781250150409,3.97e-05,without_replacement
boolq-dev-0055,boolq,Jev,0.0,0.38,0.38,0.251548542000819,4.4016e-05,
boolq-dev-0055,boolq,Luna,0.0,0.15,0.15,1.0378335420100484,0.0001029,
boolq-dev-2504,boolq,Jev,0.0,0.23,0.23,0.24152725000749342,1.7346e-05,
boolq-dev-2504,boolq,Luna,0.0,0.98,0.98,1.0501592080108821,3.98e-05,
probability-039,probability,Jev,0.2,0.23,0.03,0.2223374169843737,1.8438e-05,conditional_table
probability-039,probability,Luna,0.2,0.2,0.0,1.079251999995904,4.01e-05,conditional_table
probability-055,probability,Jev,0.7051282051282052,0.72,0.014871794871794797,0.2618421249790117,1.7304e-05,without_replacement
probability-055,probability,Luna,0.7051282051282052,0.7051282051,2.8205215940602102e-11,1.041061833006097,3.99e-05,without_replacement
policy-013,policy,Luna,1.0,1.0,0.0,1.0172764169983566,4.46e-05,
policy-013,policy,Jev,1.0,0.98,0.020000000000000018,0.2217986669857055,2.0412e-05,
policy-012,policy,Jev,1.0,0.98,0.020000000000000018,0.233893166994676,2.1126e-05,
policy-012,policy,Luna,1.0,1.0,0.0,1.2701927089947276,4.62e-05,
policy-025,policy,Jev,0.0,0.07,0.07,0.25420595897594467,2.1294e-05,
policy-025,policy,Luna,0.0,0.0,0.0,1.1727671659900807,4.64e-05,
policy-047,policy,Jev,0.0,0.04,0.04,0.25377937499433756,2.1084e-05,
policy-047,policy,Luna,0.0,0.0,0.0,0.9818080409895629,4.61e-05,
policy-041,policy,Jev,0.0,0.23,0.23,0.25552483298815787,2.1042e-05,
policy-041,policy,Luna,0.0,0.0,0.0,0.9898341250082012,4.61e-05,
boolq-dev-0448,boolq,Jev,1.0,0.61,0.39,0.22120529200765304,1.9278e-05,
boolq-dev-0448,boolq,Luna,1.0,0.0,1.0,0.9778644590114709,4.33e-05,
probability-042,probability,Luna,0.0,0.0,0.0,1.2764361249865033,3.8e-05,without_replacement
probability-042,probability,Jev,0.0,0.03,0.03,0.22932975000003353,1.7598e-05,without_replacement
policy-039,policy,Jev,1.0,0.98,0.020000000000000018,0.22608329201466404,2.1294e-05,
policy-039,policy,Luna,1.0,1.0,0.0,1.5924109590123408,4.65e-05,
policy-036,policy,Luna,0.0,0.0,0.0,1.0032162909919862,4.46e-05,
policy-036,policy,Jev,0.0,0.09,0.09,0.26285408399417065,2.037e-05,
boolq-dev-1625,boolq,Jev,1.0,0.66,0.33999999999999997,0.22163020799052902,1.659e-05,
boolq-dev-1625,boolq,Luna,1.0,0.25,0.75,1.2601647079864051,3.77e-05,
policy-040,policy,Jev,1.0,0.97,0.030000000000000027,0.22932874999241903,2.1294e-05,
policy-040,policy,Luna,1.0,1.0,0.0,0.9506033340003341,4.65e-05,
policy-001,policy,Jev,1.0,0.98,0.020000000000000018,0.27906433399766684,2.1126e-05,
policy-001,policy,Luna,1.0,1.0,0.0,1.0651056250208057,4.62e-05,
policy-028,policy,Jev,0.0,0.2,0.2,0.4001794579962734,2.1084e-05,
policy-028,policy,Luna,0.0,0.0,0.0,1.4985671250033192,4.61e-05,
probability-014,probability,Jev,0.95,0.93,0.019999999999999907,0.25286516701453365,1.8438e-05,conditional_table
probability-014,probability,Luna,0.95,0.95,0.0,1.43668612500187,4.01e-05,conditional_table
boolq-dev-3009,boolq,Jev,1.0,0.94,0.06000000000000005,0.29438295899308287,1.8564e-05,
boolq-dev-3009,boolq,Luna,1.0,1.0,0.0,1.0349687919951975,4.12e-05,
boolq-dev-0341,boolq,Jev,0.0,0.03,0.03,0.23289520799880847,2.1126e-05,
boolq-dev-0341,boolq,Luna,0.0,0.0,0.0,1.478363125002943,4.66e-05,
probability-020,probability,Jev,0.5458937198067633,0.38,0.16589371980676326,0.2445428330102004,2.0034e-05,weighted_mixture
probability-020,probability,Luna,0.5458937198067633,0.4,0.14589371980676324,0.9724408339825459,4.39e-05,weighted_mixture
probability-040,probability,Luna,0.8317444219066937,0.547,0.2847444219066937,1.234619124996243,4.39e-05,weighted_mixture
probability-040,probability,Jev,0.8317444219066937,0.72,0.11174442190669376,0.23903687499114312,2.0034e-05,weighted_mixture
boolq-dev-3165,boolq,Luna,1.0,0.5,0.5,1.2559313340170775,3.64e-05,
boolq-dev-3165,boolq,Jev,1.0,0.63,0.37,0.29790974999195896,1.6044e-05,
probability-024,probability,Luna,0.6759183673469388,0.55,0.12591836734693873,2.749989749980159,4.39e-05,weighted_mixture
probability-024,probability,Jev,0.6759183673469388,0.5,0.17591836734693878,0.24849929197807796,1.9992e-05,weighted_mixture
boolq-dev-1171,boolq,Jev,0.0,0.26,0.26,0.22693729199818335,1.7052e-05,
boolq-dev-1171,boolq,Luna,0.0,0.0,0.0,1.3310837919998448,3.79e-05,
probability-028,probability,Jev,0.8259893920848633,0.68,0.14598939208486328,0.22617150002042763,1.9992e-05,weighted_mixture
probability-028,probability,Luna,0.8259893920848633,0.8372,0.011210607915136728,0.9990227910166141,4.44e-05,weighted_mixture
policy-027,policy,Luna,0.0,0.0,0.0,1.0625968750100583,4.46e-05,
policy-027,policy,Jev,0.0,0.09,0.09,0.2282087909989059,2.0286e-05,
policy-015,policy,Jev,1.0,0.98,0.020000000000000018,0.24593737500254065,2.0412e-05,
policy-015,policy,Luna,1.0,1.0,0.0,1.0160732500080485,4.46e-05,
probability-017,probability,Luna,0.5166666666666667,0.5166666667,3.33333360913457e-11,1.451190542022232,4.16e-05,conditional_table
probability-017,probability,Jev,0.5166666666666667,0.56,0.043333333333333335,0.220227874990087,1.8438e-05,conditional_table
boolq-dev-2552,boolq,Jev,1.0,0.99,0.010000000000000009,0.25915129101485945,1.89e-05,
boolq-dev-2552,boolq,Luna,1.0,1.0,0.0,1.1404950830037706,4.16e-05,
probability-052,probability,Luna,0.483974358974359,0.5247252747,0.04075091572564099,1.0520879160030745,4.54e-05,weighted_mixture
probability-052,probability,Jev,0.483974358974359,0.55,0.06602564102564107,0.23642499998095445,1.9992e-05,weighted_mixture
probability-056,probability,Jev,0.7537037037037037,0.77,0.016296296296296364,0.2210766249918379,1.9992e-05,weighted_mixture
probability-056,probability,Luna,0.7537037037037037,0.7283,0.025403703703703706,1.879591667006025,4.44e-05,weighted_mixture
probability-032,probability,Jev,0.2,0.22,0.01999999999999999,0.23355991698917933,1.8396e-05,conditional_table
probability-032,probability,Luna,0.2,0.2,0.0,0.9389851670130156,4.01e-05,conditional_table
boolq-dev-3125,boolq,Jev,1.0,0.97,0.030000000000000027,0.215893791988492,2.1546e-05,
boolq-dev-3125,boolq,Luna,1.0,1.0,0.0,1.2944159170147032,4.84e-05,
boolq-dev-2098,boolq,Luna,1.0,1.0,0.0,1.5007001250050962,4.31e-05,
boolq-dev-2098,boolq,Jev,1.0,0.95,0.050000000000000044,0.22809937500278465,1.9404e-05,
policy-046,policy,Luna,0.0,0.0,0.0,1.1114752920111641,4.46e-05,
policy-046,policy,Jev,0.0,0.07,0.07,0.26357270902371965,2.0412e-05,
probability-048,probability,Luna,0.07777777777777778,0.0777777778,2.2222224060897133e-11,0.9450222910090815,4.54e-05,weighted_mixture
probability-048,probability,Jev,0.07777777777777778,0.17,0.09222222222222223,0.3222276669985149,1.995e-05,weighted_mixture
policy-002,policy,Jev,1.0,0.98,0.020000000000000018,0.22812149999663234,2.1084e-05,
policy-002,policy,Luna,1.0,1.0,0.0,1.478356999985408,4.61e-05,
policy-056,policy,Jev,0.0,0.09,0.09,0.2424692919885274,2.1084e-05,
policy-056,policy,Luna,0.0,0.0,0.0,0.9691010419919621,4.62e-05,
policy-043,policy,Luna,1.0,1.0,0.0,1.4186420000041835,4.46e-05,
policy-043,policy,Jev,1.0,0.98,0.020000000000000018,0.33430012498865835,2.0412e-05,
probability-005,probability,Jev,0.025,0.06,0.034999999999999996,0.24782554199919105,1.8396e-05,conditional_table
probability-005,probability,Luna,0.025,0.025,0.0,1.3008887089963537,4.01e-05,conditional_table
probability-021,probability,Jev,0.2,0.22,0.01999999999999999,0.2541274999966845,1.848e-05,conditional_table
probability-021,probability,Luna,0.2,0.2,0.0,1.3724771669949405,4.01e-05,conditional_table
boolq-dev-1517,boolq,Jev,0.0,0.86,0.86,0.23572833399521187,1.9236e-05,
boolq-dev-1517,boolq,Luna,0.0,1.0,1.0,1.2935594159935135,4.25e-05,
probability-023,probability,Jev,0.1978021978021978,0.58,0.3821978021978022,0.22387637497740798,1.9992e-05,weighted_mixture
probability-023,probability,Luna,0.1978021978021978,0.36,0.1621978021978022,1.0144949579844251,4.39e-05,weighted_mixture
probability-022,probability,Luna,0.6976495726495726,0.4446,0.2530495726495726,1.0172259579994716,4.44e-05,weighted_mixture
probability-022,probability,Jev,0.6976495726495726,0.64,0.0576495726495726,0.2365575839939993,2.0034e-05,weighted_mixture
boolq-dev-1859,boolq,Jev,0.0,0.17,0.17,0.23655870798393153,1.9446e-05,
boolq-dev-1859,boolq,Luna,0.0,0.05,0.05,1.2449191670166329,4.49e-05,
probability-027,probability,Luna,0.23333333333333334,0.23333333333333334,0.0,1.101665124995634,4.15e-05,without_replacement
probability-027,probability,Jev,0.23333333333333334,0.36,0.12666666666666665,0.23737462499411777,1.7598e-05,without_replacement
policy-049,policy,Jev,1.0,0.99,0.010000000000000009,0.26238866700441577,2.037e-05,
policy-049,policy,Luna,1.0,1.0,0.0,0.9533589160128031,4.46e-05,
policy-034,policy,Jev,1.0,0.98,0.020000000000000018,0.22284262502216734,2.1042e-05,
policy-034,policy,Luna,1.0,1.0,0.0,1.0147319170064293,4.61e-05,
boolq-dev-1335,boolq,Luna,1.0,1.0,0.0,0.954460790992016,5.69e-05,
boolq-dev-1335,boolq,Jev,1.0,0.92,0.07999999999999996,0.38763645800645463,2.5368e-05,
boolq-dev-1092,boolq,Jev,0.0,0.05,0.05,0.22845895899808966,2.0328e-05,
boolq-dev-1092,boolq,Luna,0.0,0.0,0.0,1.233808416989632,4.6e-05,
policy-023,policy,Jev,1.0,0.98,0.020000000000000018,0.25510658402345143,2.037e-05,
policy-023,policy,Luna,1.0,1.0,0.0,1.302295250003226,4.46e-05,
boolq-dev-2041,boolq,Jev,0.0,0.03,0.03,0.2360435409937054,2.058e-05,
boolq-dev-2041,boolq,Luna,0.0,0.0,0.0,1.064374375011539,4.67e-05,
probability-038,probability,Luna,0.0,0.0,0.0,0.9810665829863865,3.74e-05,without_replacement
probability-038,probability,Jev,0.0,0.05,0.05,0.2268226670275908,1.7262e-05,without_replacement
policy-057,policy,Luna,0.0,0.0,0.0,1.2716436669870745,4.65e-05,
policy-057,policy,Jev,0.0,0.07,0.07,0.22602383300545625,2.1336e-05,
probability-016,probability,Luna,0.023715415019762844,0.023715415019762844,0.0,1.0959417920093983,4.09e-05,without_replacement
probability-016,probability,Jev,0.023715415019762844,0.15,0.12628458498023715,0.23366291701677255,1.7304e-05,without_replacement
boolq-dev-0525,boolq,Jev,0.0,0.06,0.06,0.23506987502332777,1.6422e-05,
boolq-dev-0525,boolq,Luna,0.0,0.0,0.0,1.0164400830108207,3.64e-05,
boolq-dev-0980,boolq,Luna,0.0,0.0,0.0,1.1693377909832634,3.8e-05,
boolq-dev-0980,boolq,Jev,0.0,0.11,0.11,0.21495170900016092,1.6968e-05,
policy-060,policy,Jev,1.0,0.98,0.020000000000000018,0.23865200000000186,2.1336e-05,
policy-060,policy,Luna,1.0,1.0,0.0,0.9869363330071792,4.65e-05,
policy-051,policy,Luna,0.0,0.0,0.0,1.2400692499941215,4.46e-05,
policy-051,policy,Jev,0.0,0.11,0.11,0.31808541700593196,2.0412e-05,
probability-060,probability,Luna,0.4957208689927584,0.4467,0.049020868992758426,1.5809830829966813,4.44e-05,weighted_mixture
probability-060,probability,Jev,0.4957208689927584,0.53,0.034279131007241614,0.21743774999049492,2.0076e-05,weighted_mixture
probability-015,probability,Luna,0.24516129032258063,0.2426,0.0025612903225806227,1.121371667017229,3.97e-05,without_replacement
probability-015,probability,Jev,0.24516129032258063,0.59,0.34483870967741936,0.28803825000068173,1.764e-05,without_replacement
policy-052,policy,Jev,1.0,0.98,0.020000000000000018,0.26521466599660926,2.1084e-05,
policy-052,policy,Luna,1.0,1.0,0.0,0.9410200419952162,4.61e-05,
policy-019,policy,Luna,1.0,1.0,0.0,1.0078743750054855,4.64e-05,
policy-019,policy,Jev,1.0,0.98,0.020000000000000018,0.24609120801324025,2.1294e-05,
boolq-dev-2217,boolq,Jev,0.0,0.04,0.04,0.22258908400544897,1.8774e-05,
boolq-dev-2217,boolq,Luna,0.0,0.0,0.0,0.9502893330063671,4.22e-05,
boolq-dev-2011,boolq,Luna,1.0,1.0,0.0,0.9718628330156207,5.43e-05,
boolq-dev-2011,boolq,Jev,1.0,0.99,0.010000000000000009,0.22267533300328068,2.4402e-05,
probability-010,probability,Jev,0.5,0.51,0.010000000000000009,0.22714366600848734,1.8438e-05,conditional_table
probability-010,probability,Luna,0.5,0.5,0.0,1.4065097909769975,4.01e-05,conditional_table
boolq-dev-0877,boolq,Jev,1.0,0.93,0.06999999999999995,0.27408166602253914,2.0706e-05,
boolq-dev-0877,boolq,Luna,1.0,1.0,0.0,1.017610084003536,4.58e-05,
policy-032,policy,Jev,1.0,0.98,0.020000000000000018,0.248715583991725,2.1336e-05,
policy-032,policy,Luna,1.0,1.0,0.0,1.1132097080117092,4.65e-05,
policy-017,policy,Jev,1.0,0.98,0.020000000000000018,0.2680019160034135,2.037e-05,
policy-017,policy,Luna,1.0,1.0,0.0,2.3139472500188276,4.46e-05,
policy-008,policy,Jev,0.0,0.06,0.06,0.2613263750099577,2.1294e-05,
policy-008,policy,Luna,0.0,0.0,0.0,1.0064754580089357,4.64e-05,
boolq-dev-0065,boolq,Jev,1.0,0.96,0.040000000000000036,0.38075420798850246,1.6632e-05,
boolq-dev-0065,boolq,Luna,1.0,1.0,0.0,1.1039640000090003,3.69e-05,
probability-045,probability,Luna,0.5,0.5,0.0,0.9976881670008879,4.01e-05,conditional_table
probability-045,probability,Jev,0.5,0.51,0.010000000000000009,0.25186120899161324,1.8438e-05,conditional_table
probability-046,probability,Luna,0.14129919393077287,0.0851,0.05619919393077287,1.257500459003495,4.44e-05,weighted_mixture
probability-046,probability,Jev,0.14129919393077287,0.15,0.00870080606922713,0.24772379201021977,1.9992e-05,weighted_mixture
probability-001,probability,Jev,0.5,0.53,0.030000000000000027,0.28320012500626035,1.848e-05,conditional_table
probability-001,probability,Luna,0.5,0.5,0.0,1.2740266249747947,4.01e-05,conditional_table
probability-051,probability,Jev,0.5,0.52,0.020000000000000018,0.23725399997783825,1.8438e-05,conditional_table
probability-051,probability,Luna,0.5,0.5,0.0,1.1557217079971451,4.01e-05,conditional_table
policy-011,policy,Jev,1.0,0.98,0.020000000000000018,0.23826129201916046,2.1084e-05,
policy-011,policy,Luna,1.0,1.0,0.0,1.7294777079951018,4.61e-05,
policy-010,policy,Luna,0.0,0.0,0.0,1.0126169580034912,4.46e-05,
policy-010,policy,Jev,0.0,0.07,0.07,0.31941829100833274,2.0412e-05,
probability-043,probability,Jev,0.9259259259259259,0.86,0.06592592592592594,0.2204997920198366,1.995e-05,weighted_mixture
probability-043,probability,Luna,0.9259259259259259,0.92,0.00592592592592589,1.414868584019132,4.39e-05,weighted_mixture
policy-018,policy,Luna,1.0,1.0,0.0,1.2540327919996344,4.46e-05,
policy-018,policy,Jev,1.0,0.98,0.020000000000000018,0.26300062498194166,2.0412e-05,
policy-009,policy,Jev,0.0,0.09,0.09,0.2281371250282973,2.0328e-05,
policy-009,policy,Luna,0.0,0.0,0.0,1.2591858340019826,4.46e-05,
boolq-dev-0659,boolq,Luna,1.0,1.0,0.0,0.8742578749952372,3.72e-05,
boolq-dev-0659,boolq,Jev,1.0,0.99,0.010000000000000009,0.230788708984619,1.6758e-05,
probability-034,probability,Luna,0.98,0.98,0.0,1.0443239580199588,4.01e-05,conditional_table
probability-034,probability,Jev,0.98,0.96,0.020000000000000018,0.23294716700911522,1.8396e-05,conditional_table
boolq-dev-2951,boolq,Luna,1.0,1.0,0.0,1.1003916249901522,5.83e-05,
boolq-dev-2951,boolq,Jev,1.0,0.97,0.030000000000000027,0.25927891698665917,2.5914e-05,
probability-053,probability,Jev,0.49910873440285203,0.6,0.10089126559714795,0.2684665840060916,1.764e-05,without_replacement
probability-053,probability,Luna,0.49910873440285203,0.5037,0.004591265597148009,1.3157085409911815,3.95e-05,without_replacement
probability-059,probability,Jev,0.22507836990595612,0.2,0.025078369905956105,0.31081508300849237,2.0034e-05,weighted_mixture
probability-059,probability,Luna,0.22507836990595612,0.2489,0.023821630094043894,1.3889323329785839,4.44e-05,weighted_mixture
boolq-dev-1739,boolq,Jev,1.0,0.89,0.10999999999999999,0.28588129198760726,1.9698e-05,
boolq-dev-1739,boolq,Luna,1.0,1.0,0.0,1.4091292500088457,4.44e-05,
policy-058,policy,Luna,0.0,0.0,0.0,1.2133272920036688,4.65e-05,
policy-058,policy,Jev,0.0,0.08,0.08,0.2211722079955507,2.1252e-05,
policy-053,policy,Jev,1.0,0.98,0.020000000000000018,0.331114415981574,2.0412e-05,
policy-053,policy,Luna,1.0,1.0,0.0,1.1557734580128454,4.46e-05,
probability-026,probability,Jev,0.875,0.89,0.015000000000000013,0.2186802079959307,1.764e-05,without_replacement
probability-026,probability,Luna,0.875,0.875,0.0,1.0067520839802455,3.92e-05,without_replacement
probability-009,probability,Jev,1.0,0.99,0.010000000000000009,0.26983308300259523,1.8438e-05,conditional_table
probability-009,probability,Luna,1.0,1.0,0.0,1.003813084011199,3.91e-05,conditional_table
boolq-dev-0308,boolq,Luna,0.0,0.0,0.0,1.181105875002686,4.32e-05,
boolq-dev-0308,boolq,Jev,0.0,0.05,0.05,0.2550651250057854,1.9446e-05,
probability-050,probability,Luna,0.5166666666666667,0.5166666667,3.33333360913457e-11,1.1578392080264166,4.16e-05,conditional_table
probability-050,probability,Jev,0.5166666666666667,0.55,0.033333333333333326,0.34863754198886454,1.8438e-05,conditional_table
boolq-dev-1296,boolq,Jev,0.0,0.39,0.39,0.3715155420068186,1.7934e-05,
boolq-dev-1296,boolq,Luna,0.0,0.0,0.0,1.1684431670000777,3.94e-05,
policy-044,policy,Jev,1.0,0.98,0.020000000000000018,0.21413104198290966,2.1294e-05,
policy-044,policy,Luna,1.0,1.0,0.0,0.9860797080036718,4.64e-05,
policy-035,policy,Luna,0.0,0.0,0.0,0.92791120801121,4.46e-05,
policy-035,policy,Jev,0.0,0.06,0.06,0.23460083399550058,2.0454e-05,
policy-031,policy,Jev,1.0,0.99,0.010000000000000009,0.32945775002008304,2.0412e-05,
policy-031,policy,Luna,1.0,1.0,0.0,1.2630103749979753,4.46e-05,
probability-035,probability,Jev,0.2,0.22,0.01999999999999999,0.29091270800563507,1.8396e-05,conditional_table
probability-035,probability,Luna,0.2,0.2,0.0,1.2811747090017889,4.01e-05,conditional_table
policy-026,policy,Jev,1.0,0.98,0.020000000000000018,0.24210412497632205,2.1084e-05,
policy-026,policy,Luna,1.0,1.0,0.0,1.1663182500051335,4.61e-05,
probability-049,probability,Luna,0.5772253408179631,0.5467,0.030525340817963098,1.0084187499887776,4.44e-05,weighted_mixture
probability-049,probability,Jev,0.5772253408179631,0.63,0.05277465918203694,0.23774770900490694,2.0076e-05,weighted_mixture
boolq-dev-2426,boolq,Jev,1.0,0.98,0.020000000000000018,0.23575941598392092,2.205e-05,
boolq-dev-2426,boolq,Luna,1.0,1.0,0.0,0.9580867920012679,4.98e-05,
probability-041,probability,Jev,0.0,0.03,0.03,0.25662583400844596,1.7598e-05,without_replacement
probability-041,probability,Luna,0.0,0.0,0.0,1.105800541001372,3.8e-05,without_replacement
policy-045,policy,Luna,0.0,0.0,0.0,1.1904100000101607,4.65e-05,
policy-045,policy,Jev,0.0,0.07,0.07,0.23226724998676218,2.1294e-05,
policy-006,policy,Luna,0.0,0.0,0.0,1.2646865420101676,4.65e-05,
policy-006,policy,Jev,0.0,0.11,0.11,0.3274481660046149,2.1294e-05,
boolq-dev-3115,boolq,Luna,1.0,0.98,0.020000000000000018,1.1432648339832667,4.7e-05,
boolq-dev-3115,boolq,Jev,1.0,0.92,0.07999999999999996,0.23635650001233444,2.1168e-05,
policy-038,policy,Jev,0.0,0.03,0.03,0.24581916601164266,2.1084e-05,
policy-038,policy,Luna,0.0,0.0,0.0,1.3890133750101086,4.61e-05,
boolq-dev-1662,boolq,Jev,1.0,0.97,0.030000000000000027,0.25860716597526334,2.0538e-05,
boolq-dev-1662,boolq,Luna,1.0,1.0,0.0,1.0418905839906074,4.62e-05,
policy-003,policy,Luna,0.0,0.0,0.0,1.256898874999024,4.64e-05,
policy-003,policy,Jev,0.0,0.05,0.05,0.22727533400757238,2.1252e-05,
boolq-dev-2597,boolq,Luna,1.0,0.25,0.75,0.9698960829991847,4.03e-05,
boolq-dev-2597,boolq,Jev,1.0,0.96,0.040000000000000036,0.2237324159941636,1.7556e-05,
probability-002,probability,Jev,0.7863247863247863,0.77,0.01632478632478629,0.23464312497526407,1.7304e-05,without_replacement
probability-002,probability,Luna,0.7863247863247863,0.819404,0.033079213675213714,1.2336802089994308,3.89e-05,without_replacement
policy-059,policy,Luna,1.0,1.0,0.0,0.8998147910169791,4.62e-05,
policy-059,policy,Jev,1.0,0.98,0.020000000000000018,0.39210662501864135,2.1126e-05,
probability-029,probability,Jev,0.8894230769230769,0.87,0.019423076923076876,0.23217737500090152,1.9992e-05,weighted_mixture
probability-029,probability,Luna,0.8894230769230769,0.925,0.03557692307692317,1.337724957993487,4.39e-05,weighted_mixture
policy-050,policy,Luna,1.0,1.0,0.0,1.2039998330001254,4.65e-05,
policy-050,policy,Jev,1.0,0.98,0.020000000000000018,0.3065278750145808,2.1336e-05,
boolq-dev-1381,boolq,Luna,0.0,0.0,0.0,1.166173333011102,3.67e-05,
boolq-dev-1381,boolq,Jev,0.0,0.15,0.15,0.31710983300581574,1.6506e-05,
policy-048,policy,Jev,0.0,0.13,0.13,0.2654526660044212,2.1084e-05,
policy-048,policy,Luna,0.0,0.0,0.0,1.2671437920071185,4.61e-05,
boolq-dev-0210,boolq,Luna,1.0,1.0,0.0,1.230047083023237,4.13e-05,
boolq-dev-0210,boolq,Jev,1.0,0.96,0.040000000000000036,0.352098625007784,1.869e-05,
boolq-dev-2849,boolq,Jev,0.0,0.46,0.46,0.22556845800136216,1.827e-05,
boolq-dev-2849,boolq,Luna,0.0,0.05,0.05,1.267879791004816,4.22e-05,
probability-006,probability,Luna,0.28,0.56,0.28,0.9234876669943333,3.9e-05,without_replacement
probability-006,probability,Jev,0.28,0.41,0.12999999999999995,0.27165437501389533,1.7598e-05,without_replacement
boolq-dev-2774,boolq,Luna,0.0,0.05,0.05,1.1853979169973172,5e-05,
boolq-dev-2774,boolq,Jev,0.0,0.39,0.39,0.22156704199733213,2.2722e-05,
probability-004,probability,Jev,0.2,0.22,0.01999999999999999,0.25701229099649936,1.8354e-05,conditional_table
probability-004,probability,Luna,0.2,0.2,0.0,1.562041708995821,4.01e-05,conditional_table
boolq-dev-0852,boolq,Luna,0.0,0.5,0.5,0.9779684169916436,3.32e-05,
boolq-dev-0852,boolq,Jev,0.0,0.11,0.11,0.575849584012758,1.449e-05,
boolq-dev-2868,boolq,Jev,0.0,0.07,0.07,0.22563112500938587,2.9568e-05,
boolq-dev-2868,boolq,Luna,0.0,1.0,1.0,1.1917702500068117,6.74e-05,
boolq-dev-3247,boolq,Jev,1.0,0.99,0.010000000000000009,0.23406683400389738,1.7724e-05,
boolq-dev-3247,boolq,Luna,1.0,1.0,0.0,1.1535711660108063,3.85e-05,
boolq-dev-1603,boolq,Jev,0.0,0.04,0.04,0.2674277079931926,2.0286e-05,
boolq-dev-1603,boolq,Luna,0.0,0.0,0.0,1.0467605410085525,4.51e-05,
probability-058,probability,Jev,0.6691086691086691,0.69,0.020891330891330884,0.24065591700491495,1.9992e-05,weighted_mixture
probability-058,probability,Luna,0.6691086691086691,0.7989,0.129791330891331,1.143257709016325,4.44e-05,weighted_mixture
policy-014,policy,Luna,0.0,0.0,0.0,1.9255749589938205,4.46e-05,
policy-014,policy,Jev,0.0,0.09,0.09,0.2441956659895368,2.0412e-05,
policy-020,policy,Jev,0.0,0.09,0.09,0.2340466669993475,2.1084e-05,
policy-020,policy,Luna,0.0,0.0,0.0,1.2097005840041675,4.61e-05,
boolq-dev-2116,boolq,Luna,1.0,1.0,0.0,1.3064640829979908,4.26e-05,
boolq-dev-2116,boolq,Jev,1.0,0.99,0.010000000000000009,0.22123799999826588,1.9278e-05,
policy-033,policy,Jev,0.0,0.13,0.13,0.24405379098607227,2.1336e-05,
policy-033,policy,Luna,0.0,0.0,0.0,1.2135736670170445,4.65e-05,
policy-029,policy,Luna,0.0,0.0,0.0,0.8982982079905923,4.65e-05,
policy-029,policy,Jev,0.0,0.09,0.09,0.22041695800726302,2.1294e-05,
policy-055,policy,Jev,1.0,0.97,0.030000000000000027,0.22052295901812613,2.1294e-05,
policy-055,policy,Luna,1.0,1.0,0.0,1.243754249997437,4.65e-05,
policy-005,policy,Jev,1.0,0.98,0.020000000000000018,0.23372087499592453,2.037e-05,
policy-005,policy,Luna,1.0,1.0,0.0,1.1990753340069205,4.46e-05,
policy-030,policy,Jev,0.0,0.07,0.07,0.23757541700615548,2.1126e-05,
policy-030,policy,Luna,0.0,0.0,0.0,1.0476681659929454,4.62e-05,
probability-012,probability,Jev,0.8890469416785206,0.86,0.02904694167852062,0.22357020899653435,1.7682e-05,without_replacement
probability-012,probability,Luna,0.8890469416785206,0.8654,0.02364694167852066,1.3331656249938533,3.97e-05,without_replacement
policy-022,policy,Luna,1.0,1.0,0.0,1.072620624996489,4.61e-05,
policy-022,policy,Jev,1.0,0.98,0.020000000000000018,0.2193983329925686,2.1084e-05,
probability-013,probability,Luna,0.95,0.95,0.0,1.1419865839998238,4.01e-05,conditional_table
probability-013,probability,Jev,0.95,0.94,0.010000000000000009,0.23400391600443982,1.8438e-05,conditional_table
boolq-dev-3134,boolq,Luna,1.0,1.0,0.0,1.5631497089925688,3.64e-05,
boolq-dev-3134,boolq,Jev,1.0,0.98,0.020000000000000018,0.2279814169742167,1.6254e-05,
boolq-dev-1953,boolq,Luna,0.0,0.0,0.0,1.469710709003266,3.83e-05,
boolq-dev-1953,boolq,Jev,0.0,0.02,0.02,0.27875029199640267,1.7346e-05,
policy-054,policy,Luna,1.0,1.0,0.0,1.0271641250001267,4.65e-05,
policy-054,policy,Jev,1.0,0.98,0.020000000000000018,0.22947650001151487,2.1294e-05,
boolq-dev-2818,boolq,Jev,1.0,0.88,0.12,0.26372412499040365,1.9362e-05,
boolq-dev-2818,boolq,Luna,1.0,0.5,0.5,1.0206769589858595,4.41e-05,
policy-004,policy,Luna,0.0,0.0,0.0,1.642270958982408,4.46e-05,
policy-004,policy,Jev,0.0,0.07,0.07,0.23038941601407714,2.0412e-05,
boolq-dev-0383,boolq,Jev,1.0,0.99,0.010000000000000009,0.22430791697115637,1.6716e-05,
boolq-dev-0383,boolq,Luna,1.0,1.0,0.0,1.1194969580101315,3.71e-05,
probability-037,probability,Luna,0.03333333333333333,0.03333333333333333,0.0,1.49891504200059,4.26e-05,conditional_table
probability-037,probability,Jev,0.03333333333333333,0.06,0.026666666666666665,0.2342511249880772,1.8438e-05,conditional_table
probability-036,probability,Jev,0.10476190476190476,0.28,0.17523809523809525,0.2834920000168495,1.7346e-05,without_replacement
probability-036,probability,Luna,0.10476190476190476,0.1,0.004761904761904759,1.0634324999991804,3.84e-05,without_replacement
probability-003,probability,Luna,0.0,0.0,0.0,1.301168250007322,3.91e-05,conditional_table
probability-003,probability,Jev,0.0,0.01,0.01,0.25423070800025016,1.8438e-05,conditional_table
boolq-dev-2665,boolq,Luna,0.0,0.97,0.97,0.9602852920070291,4.57e-05,
boolq-dev-2665,boolq,Jev,0.0,0.22,0.22,0.33818616598728113,1.9782e-05,
boolq-dev-1842,boolq,Luna,1.0,0.0,1.0,1.2651016250019893,4.06e-05,
boolq-dev-1842,boolq,Jev,1.0,0.03,0.97,0.3519619590078946,1.8228e-05,
probability-008,probability,Luna,0.9692307692307692,0.9677,0.0015307692307692244,1.4479606249951757,3.97e-05,without_replacement
probability-008,probability,Jev,0.9692307692307692,0.96,0.009230769230769265,0.2202720000059344,1.764e-05,without_replacement
probability-047,probability,Luna,0.7708333333333334,0.8,0.029166666666666674,1.0749241250159685,4.39e-05,weighted_mixture
probability-047,probability,Jev,0.7708333333333334,0.73,0.04083333333333339,0.22215562500059605,1.9992e-05,weighted_mixture
policy-024,policy,Jev,0.0,0.09,0.09,0.21910479202051647,2.0412e-05,
policy-024,policy,Luna,0.0,0.0,0.0,1.0492995829845313,4.46e-05,
boolq-dev-0468,boolq,Jev,1.0,0.99,0.010000000000000009,0.2252970409754198,1.848e-05,
boolq-dev-0468,boolq,Luna,1.0,0.99,0.010000000000000009,1.1362126670137513,4.16e-05,
boolq-dev-0587,boolq,Jev,1.0,0.15,0.85,0.23421241700998507,1.8732e-05,
boolq-dev-0587,boolq,Luna,1.0,0.0,1.0,1.318288999987999,4.07e-05,
boolq-dev-2630,boolq,Luna,1.0,1.0,0.0,0.9916192500095349,3.95e-05,
boolq-dev-2630,boolq,Jev,1.0,0.98,0.020000000000000018,0.2403121670067776,1.7934e-05,
probability-019,probability,Jev,0.9333333333333333,0.91,0.023333333333333317,0.26699479200760834,1.7598e-05,without_replacement
probability-019,probability,Luna,0.9333333333333333,0.9333333333,3.33333360913457e-11,2.4705519579874817,4.07e-05,without_replacement
policy-037,policy,Jev,1.0,0.98,0.020000000000000018,0.2702599170152098,2.1084e-05,
policy-037,policy,Luna,1.0,1.0,0.0,1.0011180840083398,4.62e-05,
probability-054,probability,Jev,0.023809523809523808,0.15,0.1261904761904762,0.24594249998335727,1.7304e-05,without_replacement
probability-054,probability,Luna,0.023809523809523808,0.0238095238,9.52380882490722e-12,1.0233090420078952,3.99e-05,without_replacement
policy-042,policy,Luna,1.0,1.0,0.0,1.1742852089810185,4.65e-05,
policy-042,policy,Jev,1.0,0.6,0.4,0.24411987501662225,2.1294e-05,
